vehicle_id,sample_count,health_score,risk_level,capacity_score,range_score,temperature_score,voltage_score,mean_temperature_c,max_temperature_c,voltage_std,capacity_retention,risk_reasons
EV000001,8,92.49,健康,100.0,100.0,100.0,62.44,29.5,33.47,4.6946,1.0117,电压波动较大
EV000002,9,59.41,高风险,71.4,95.06,17.5,35.8,45.46,51.88,8.0244,0.714,容量保持率偏低；存在高温记录；电压波动较大
EV000003,6,77.7,良好,65.35,85.35,100.0,67.43,28.12,30.13,4.0709,0.6535,容量保持率偏低；电压波动较大
EV000004,9,88.96,良好,100.0,100.0,100.0,44.82,27.95,34.2,6.8969,1.0079,电压波动较大
EV000005,14,89.3,良好,100.0,100.0,100.0,46.51,28.28,33.0,6.6864,1.0073,电压波动较大
EV000006,14,62.66,关注,48.0,64.26,100.0,48.96,28.06,33.14,6.3799,0.48,容量保持率偏低；电压波动较大；估算续航偏低
EV000007,9,77.14,良好,85.38,100.0,100.0,11.27,29.64,37.56,11.091,0.8538,电压波动较大
EV000008,17,80.06,良好,71.8,96.65,100.0,53.86,29.6,35.44,5.7677,0.718,容量保持率偏低；电压波动较大
EV000009,5,70.01,关注,83.02,100.0,26.64,53.11,46.27,47.75,5.8612,0.8302,存在高温记录；电压波动较大
EV000010,16,85.77,良好,98.87,100.0,98.87,31.92,30.28,36.49,8.5096,0.9887,电压波动较大
EV000011,12,81.98,良好,84.18,100.0,100.0,37.6,28.6,34.32,7.7998,0.8418,电压波动较大
EV000012,12,73.11,关注,63.45,84.75,100.0,48.58,28.53,31.65,6.4274,0.6345,容量保持率偏低；电压波动较大
EV000013,15,59.4,高风险,63.02,84.73,26.7,54.1,45.0,49.43,5.7375,0.6302,容量保持率偏低；存在高温记录；电压波动较大
EV000014,13,69.47,关注,56.66,76.2,100.0,52.93,29.55,33.72,5.8838,0.5666,容量保持率偏低；电压波动较大
EV000015,17,65.17,关注,56.03,73.69,100.0,35.69,28.58,36.19,8.0393,0.5603,容量保持率偏低；电压波动较大；估算续航偏低
EV000016,11,81.44,良好,83.8,100.0,100.0,35.52,28.94,34.25,8.0594,0.838,电压波动较大
EV000017,8,74.04,关注,65.56,88.52,100.0,44.82,27.9,33.37,6.8976,0.6556,容量保持率偏低；电压波动较大
EV000018,16,78.6,良好,71.5,96.61,100.0,47.13,29.46,32.5,6.6092,0.715,容量保持率偏低；电压波动较大
EV000019,15,77.49,良好,71.91,95.77,100.0,41.88,28.97,35.97,7.2646,0.7191,容量保持率偏低；电压波动较大
EV000020,8,74.64,关注,71.41,94.77,98.16,31.62,30.46,33.13,8.5471,0.7141,容量保持率偏低；电压波动较大
EV000021,8,70.41,关注,55.26,72.99,100.0,64.13,29.2,31.61,4.4841,0.5526,容量保持率偏低；电压波动较大；估算续航偏低
EV000022,10,71.57,关注,61.88,83.97,100.0,44.58,28.02,30.83,6.9276,0.6188,容量保持率偏低；电压波动较大
EV000023,13,64.51,关注,69.23,92.08,35.94,50.36,42.98,49.05,6.2046,0.6923,容量保持率偏低；存在高温记录；电压波动较大
EV000024,13,74.56,关注,72.22,95.64,100.0,26.85,27.76,30.72,9.1441,0.7222,容量保持率偏低；电压波动较大
EV000025,13,75.81,良好,84.4,100.0,97.44,8.93,30.64,34.26,11.3842,0.844,电压波动较大
EV000026,7,85.11,良好,82.64,100.0,100.0,55.94,29.99,33.8,5.5077,0.8264,电压波动较大
EV000027,15,87.88,良好,100.0,100.0,100.0,39.42,29.93,34.99,7.572,1.0058,电压波动较大
EV000028,9,70.86,关注,64.6,86.21,99.67,33.85,30.08,32.34,8.2688,0.646,容量保持率偏低；电压波动较大
EV000029,13,78.57,良好,71.83,97.23,100.0,45.6,29.4,34.9,6.7995,0.7183,容量保持率偏低；电压波动较大
EV000030,13,90.75,健康,98.88,100.0,100.0,55.73,28.26,31.99,5.5338,0.9888,电压波动较大
EV000031,16,72.29,关注,61.01,81.86,98.43,53.9,30.39,37.71,5.7625,0.6101,容量保持率偏低；电压波动较大
EV000032,7,85.14,良好,82.46,100.0,100.0,56.41,28.48,32.68,5.4486,0.8246,电压波动较大
EV000033,20,61.72,关注,50.32,67.28,100.0,36.43,29.52,37.15,7.9462,0.5032,容量保持率偏低；电压波动较大；估算续航偏低
EV000034,10,58.48,高风险,63.68,85.57,20.42,53.59,46.01,50.19,5.8011,0.6368,容量保持率偏低；存在高温记录；电压波动较大
EV000035,12,85.72,良好,99.17,100.0,100.0,30.06,29.45,33.51,8.7426,0.9917,电压波动较大
EV000036,17,80.64,良好,82.63,100.0,100.0,33.6,28.02,35.02,8.2999,0.8263,电压波动较大
EV000037,18,76.45,良好,75.85,100.0,100.0,24.51,28.86,34.05,9.4367,0.7585,电压波动较大
EV000038,8,76.14,良好,63.17,84.05,100.0,65.07,29.0,33.81,4.3658,0.6317,容量保持率偏低；电压波动较大
EV000039,14,86.71,良好,85.09,100.0,100.0,59.64,28.71,32.16,5.0448,0.8509,电压波动较大
EV000040,8,90.49,健康,84.62,100.0,100.0,79.39,29.51,34.9,2.5768,0.8462,未发现明显风险
EV000041,12,50.67,高风险,62.71,84.3,16.26,21.96,46.0,51.59,9.7551,0.6271,容量保持率偏低；存在高温记录；电压波动较大
EV000042,11,78.69,良好,71.93,95.96,100.0,47.62,27.4,31.88,6.5476,0.7193,容量保持率偏低；电压波动较大
EV000043,12,87.16,良好,100.0,100.0,100.0,35.79,28.62,33.87,8.0263,1.0061,电压波动较大
EV000044,7,76.8,良好,100.0,100.0,23.01,60.98,45.11,50.51,4.877,1.0048,存在高温记录；电压波动较大
EV000045,11,89.65,良好,99.95,100.0,100.0,48.32,29.27,36.7,6.4597,0.9995,电压波动较大
EV000046,11,79.22,良好,76.65,100.0,100.0,36.94,29.18,31.93,7.882,0.7665,电压波动较大
EV000047,10,67.3,关注,65.04,85.69,98.68,16.87,30.33,34.79,10.3908,0.6504,容量保持率偏低；电压波动较大
EV000048,12,76.65,良好,83.57,100.0,100.0,11.99,29.53,35.01,11.0014,0.8357,电压波动较大
EV000049,12,67.55,关注,64.53,85.71,100.0,17.7,29.6,33.69,10.2878,0.6453,容量保持率偏低；电压波动较大
EV000050,8,69.34,关注,49.23,65.06,100.0,79.21,28.77,33.64,2.5982,0.4923,容量保持率偏低；估算续航偏低
EV000051,10,59.12,高风险,71.64,93.66,21.69,31.45,46.65,48.9,8.5684,0.7164,容量保持率偏低；存在高温记录；电压波动较大
EV000052,13,75.27,良好,70.79,95.11,98.63,34.93,30.34,34.62,8.1343,0.7079,容量保持率偏低；电压波动较大
EV000053,7,88.05,良好,100.0,100.0,100.0,40.26,28.91,31.39,7.4675,1.0355,电压波动较大
EV000054,12,80.12,良好,77.88,100.0,100.0,39.33,28.82,32.97,7.5838,0.7788,电压波动较大
EV000055,10,73.3,关注,64.24,85.59,100.0,47.07,28.23,31.5,6.6157,0.6424,容量保持率偏低；电压波动较大
EV000056,13,65.21,关注,83.35,100.0,16.54,38.67,46.58,50.71,7.6658,0.8335,存在高温记录；电压波动较大
EV000057,12,70.95,关注,55.96,73.32,100.0,65.16,28.06,33.46,4.3554,0.5596,容量保持率偏低；电压波动较大；估算续航偏低
EV000058,13,88.88,良好,100.0,100.0,100.0,44.38,29.07,33.16,6.9528,1.0079,电压波动较大
EV000059,11,91.71,健康,100.0,100.0,100.0,58.55,28.7,32.96,5.1812,1.0007,电压波动较大
EV000060,13,67.44,关注,55.53,73.28,100.0,48.42,29.63,35.84,6.4477,0.5553,容量保持率偏低；电压波动较大；估算续航偏低
EV000061,11,81.18,良好,77.19,100.0,100.0,45.85,28.57,32.02,6.7693,0.7719,电压波动较大
EV000062,11,71.37,关注,61.48,81.91,99.47,47.42,30.13,36.15,6.5729,0.6148,容量保持率偏低；电压波动较大
EV000063,17,78.35,良好,78.49,100.0,100.0,29.4,28.06,32.56,8.8256,0.7849,电压波动较大
EV000064,9,75.83,良好,71.12,94.86,100.0,36.12,29.81,34.21,7.9855,0.7112,容量保持率偏低；电压波动较大
EV000065,17,84.58,良好,83.59,100.0,100.0,51.6,28.52,33.2,6.0497,0.8359,电压波动较大
EV000066,11,66.96,关注,64.35,86.4,100.0,14.2,29.83,33.57,10.7254,0.6435,容量保持率偏低；电压波动较大
EV000067,12,67.22,关注,61.85,82.08,100.0,25.27,29.17,35.11,9.3416,0.6185,容量保持率偏低；电压波动较大
EV000068,12,85.08,良好,85.07,100.0,100.0,51.55,29.0,33.19,6.0559,0.8507,电压波动较大
EV000069,13,65.09,关注,53.96,72.21,100.0,40.75,27.42,32.98,7.4068,0.5396,容量保持率偏低；电压波动较大；估算续航偏低
EV000070,15,73.68,关注,63.18,84.37,100.0,52.37,28.58,34.45,5.9541,0.6318,容量保持率偏低；电压波动较大
EV000071,9,69.61,关注,64.4,83.75,99.31,31.34,30.17,33.94,8.5826,0.644,容量保持率偏低；电压波动较大
EV000072,8,82.25,良好,84.61,100.0,100.0,38.16,29.71,35.94,7.7295,0.8461,电压波动较大
EV000073,13,71.87,关注,63.28,84.1,100.0,43.47,29.66,32.18,7.0661,0.6328,容量保持率偏低；电压波动较大
EV000074,10,78.09,良好,72.42,95.5,100.0,44.33,28.78,37.5,6.9584,0.7242,容量保持率偏低；电压波动较大
EV000075,13,73.73,关注,63.08,83.13,100.0,54.33,27.79,33.41,5.7086,0.6308,容量保持率偏低；电压波动较大
EV000076,11,67.52,关注,83.29,100.0,31.5,35.35,45.14,47.64,8.0812,0.8329,存在高温记录；电压波动较大
EV000077,9,77.34,良好,85.42,100.0,100.0,12.21,27.33,32.37,10.9742,0.8542,电压波动较大
EV000078,12,75.74,良好,73.06,98.36,100.0,27.91,28.72,33.61,9.0115,0.7306,容量保持率偏低；电压波动较大
EV000079,16,87.1,良好,84.15,100.0,100.0,63.24,28.41,33.9,4.5945,0.8415,电压波动较大
EV000080,7,90.54,健康,98.46,100.0,100.0,55.37,28.54,31.45,5.5784,0.9846,电压波动较大
EV000081,7,90.09,健康,100.0,100.0,100.0,50.44,27.96,29.85,6.1946,1.0151,电压波动较大
EV000082,25,64.18,关注,83.42,100.0,19.36,30.54,45.58,51.1,8.683,0.8342,存在高温记录；电压波动较大
EV000083,19,66.41,关注,54.5,73.55,100.0,44.76,29.47,33.34,6.9054,0.545,容量保持率偏低；电压波动较大；估算续航偏低
EV000084,14,82.27,良好,84.17,100.0,100.0,39.07,28.39,33.43,7.6168,0.8417,电压波动较大
EV000085,12,76.84,良好,72.36,96.51,100.0,36.96,28.74,32.63,7.8805,0.7236,容量保持率偏低；电压波动较大
EV000086,12,69.31,关注,83.42,100.0,22.63,52.96,45.26,50.45,5.8802,0.8342,存在高温记录；电压波动较大
EV000087,11,70.73,关注,64.73,87.65,98.68,32.15,30.33,35.0,8.4813,0.6473,容量保持率偏低；电压波动较大
EV000088,13,65.85,关注,98.7,100.0,12.04,19.47,46.27,52.63,10.0658,0.987,存在高温记录；电压波动较大
EV000089,13,74.24,关注,66.69,88.31,100.0,44.12,28.55,40.0,6.9855,0.6669,容量保持率偏低；电压波动较大
EV000090,15,77.46,良好,73.52,98.6,100.0,35.38,28.56,32.17,8.078,0.7352,容量保持率偏低；电压波动较大
EV000091,10,73.88,关注,72.52,95.89,100.0,22.61,29.8,36.22,9.6738,0.7252,容量保持率偏低；电压波动较大
EV000092,11,77.35,良好,71.97,95.51,100.0,41.39,28.51,35.36,7.3259,0.7197,容量保持率偏低；电压波动较大
EV000093,10,85.21,良好,82.48,100.0,99.76,56.96,30.06,37.22,5.3795,0.8248,电压波动较大
EV000094,14,82.62,良好,76.43,100.0,100.0,54.33,28.04,32.79,5.7087,0.7643,电压波动较大
EV000095,15,55.7,高风险,60.94,80.31,16.43,55.03,46.31,51.1,5.6207,0.6094,容量保持率偏低；存在高温记录；电压波动较大
EV000096,9,52.78,高风险,63.7,85.12,8.67,37.34,46.96,52.83,7.833,0.637,容量保持率偏低；存在高温记录；电压波动较大
EV000097,10,59.01,高风险,49.31,65.02,100.0,27.51,29.14,32.71,9.0619,0.4931,容量保持率偏低；电压波动较大；估算续航偏低
EV000098,8,83.95,良好,72.3,95.73,100.0,73.54,27.29,31.05,3.3069,0.723,容量保持率偏低；电压波动较大
EV000099,15,71.28,关注,63.28,84.32,100.0,40.24,27.86,33.1,7.4702,0.6328,容量保持率偏低；电压波动较大
EV000100,14,60.36,关注,48.92,66.16,100.0,33.48,29.16,35.44,8.3144,0.4892,容量保持率偏低；电压波动较大；估算续航偏低
EV000101,13,72.93,关注,66.31,87.67,98.89,40.14,30.28,37.63,7.4823,0.6631,容量保持率偏低；电压波动较大
EV000102,18,70.76,关注,62.06,82.32,100.0,42.29,28.58,34.86,7.2134,0.6206,容量保持率偏低；电压波动较大
EV000103,14,65.93,关注,72.17,95.52,18.57,65.4,45.99,50.82,4.3248,0.7217,容量保持率偏低；存在高温记录；电压波动较大
EV000104,10,67.36,关注,62.81,83.94,100.0,21.94,28.56,32.16,9.7575,0.6281,容量保持率偏低；电压波动较大
EV000105,13,59.13,高风险,46.53,61.84,99.73,37.19,30.07,35.3,7.851,0.4653,容量保持率偏低；电压波动较大；估算续航偏低
EV000106,10,72.58,关注,63.93,85.76,100.0,43.83,29.21,32.15,7.0216,0.6393,容量保持率偏低；电压波动较大
EV000107,12,55.52,高风险,62.14,82.35,24.76,41.19,44.98,50.1,7.3517,0.6214,容量保持率偏低；存在高温记录；电压波动较大
EV000108,13,69.8,关注,61.15,81.42,100.0,40.23,28.43,32.51,7.4717,0.6115,容量保持率偏低；电压波动较大
EV000109,13,60.13,关注,69.64,91.95,37.1,26.75,43.62,47.81,9.1562,0.6964,容量保持率偏低；存在高温记录；电压波动较大
EV000110,6,79.6,良好,63.56,84.42,100.0,81.24,28.03,31.5,2.3452,0.6356,容量保持率偏低
EV000111,19,54.28,高风险,64.63,86.54,24.77,25.35,45.21,49.8,9.3312,0.6463,容量保持率偏低；存在高温记录；电压波动较大
EV000112,13,68.21,关注,61.4,81.66,100.0,31.54,29.89,36.9,8.5571,0.614,容量保持率偏低；电压波动较大
EV000113,10,65.03,关注,73.07,97.89,26.55,48.36,44.95,49.55,6.4552,0.7307,容量保持率偏低；存在高温记录；电压波动较大
EV000114,17,81.65,良好,84.94,100.0,100.0,34.6,28.37,32.71,8.1755,0.8494,电压波动较大
EV000115,14,87.91,良好,99.67,100.0,100.0,40.13,28.0,34.77,7.4842,0.9967,电压波动较大
EV000116,17,89.71,良好,100.0,100.0,100.0,48.53,28.77,34.98,6.4335,1.0077,电压波动较大
EV000117,9,74.14,关注,72.54,96.61,100.0,22.99,28.97,31.58,9.6263,0.7254,容量保持率偏低；电压波动较大
EV000118,11,61.72,关注,48.13,63.82,100.0,44.59,28.59,30.69,6.9266,0.4813,容量保持率偏低；电压波动较大；估算续航偏低
EV000119,13,73.6,关注,72.23,95.56,100.0,22.14,28.72,36.37,9.7325,0.7223,容量保持率偏低；电压波动较大
EV000120,10,69.83,关注,63.14,85.01,100.0,32.41,29.27,32.97,8.449,0.6314,容量保持率偏低；电压波动较大
EV000121,15,71.3,关注,100.0,100.0,19.16,37.35,46.1,50.47,7.831,1.0165,存在高温记录；电压波动较大
EV000122,10,72.92,关注,63.68,84.61,100.0,47.4,29.06,33.45,6.5749,0.6368,容量保持率偏低；电压波动较大
EV000123,14,88.68,良好,100.0,100.0,100.0,43.41,29.74,32.28,7.0736,1.0008,电压波动较大
EV000124,10,76.33,良好,63.81,86.53,100.0,61.82,28.79,32.27,4.7726,0.6381,容量保持率偏低；电压波动较大
EV000125,16,84.24,良好,100.0,100.0,100.0,21.22,28.08,32.2,9.848,1.0008,电压波动较大
EV000126,6,73.02,关注,71.81,95.59,100.0,19.96,28.52,35.51,10.0054,0.7181,容量保持率偏低；电压波动较大
EV000127,12,54.2,高风险,63.82,84.98,13.52,39.57,46.62,51.67,7.5533,0.6382,容量保持率偏低；存在高温记录；电压波动较大
EV000128,8,72.34,关注,65.47,87.11,97.36,40.86,30.66,33.03,7.3921,0.6547,容量保持率偏低；电压波动较大
EV000129,14,83.3,良好,77.45,100.0,100.0,55.96,29.69,33.58,5.5053,0.7745,电压波动较大
EV000130,14,63.93,关注,55.56,74.46,100.0,29.35,27.99,31.43,8.8311,0.5556,容量保持率偏低；电压波动较大；估算续航偏低
EV000131,15,68.16,关注,63.8,86.88,100.0,20.58,28.27,34.46,9.9277,0.638,容量保持率偏低；电压波动较大
EV000132,14,50.78,高风险,63.14,83.08,11.71,27.84,46.83,51.99,9.0196,0.6314,容量保持率偏低；存在高温记录；电压波动较大
EV000133,6,75.53,良好,69.48,93.4,100.0,39.31,28.43,34.79,7.5863,0.6948,容量保持率偏低；电压波动较大
EV000134,10,87.36,良好,100.0,100.0,100.0,36.79,28.36,32.42,7.9009,1.0124,电压波动较大
EV000135,13,89.75,良好,99.61,100.0,100.0,49.44,29.65,35.02,6.3196,0.9961,电压波动较大
EV000136,9,58.61,高风险,62.93,83.64,23.48,54.89,45.52,49.81,5.6384,0.6293,容量保持率偏低；存在高温记录；电压波动较大
EV000137,13,61.62,关注,72.68,94.73,16.04,46.48,45.72,52.03,6.69,0.7268,容量保持率偏低；存在高温记录；电压波动较大
EV000138,11,77.68,良好,71.78,95.26,100.0,43.69,29.06,33.7,7.0382,0.7178,容量保持率偏低；电压波动较大
EV000139,11,75.25,良好,63.8,85.95,100.0,57.18,28.53,31.67,5.3526,0.638,容量保持率偏低；电压波动较大
EV000140,14,56.06,高风险,64.55,85.56,29.98,30.42,44.64,48.82,8.6969,0.6455,容量保持率偏低；存在高温记录；电压波动较大
EV000141,15,58.91,高风险,81.88,100.0,8.9,17.37,47.57,51.94,10.3288,0.8188,存在高温记录；电压波动较大
EV000142,8,80.5,良好,83.75,100.0,100.0,30.93,28.49,33.4,8.6333,0.8375,电压波动较大
EV000143,9,76.49,良好,70.87,93.33,97.87,43.87,30.53,37.27,7.0158,0.7087,容量保持率偏低；电压波动较大
EV000144,17,71.08,关注,63.72,85.97,100.0,36.4,29.75,33.73,7.9502,0.6372,容量保持率偏低；电压波动较大
EV000145,11,67.09,关注,61.84,83.1,98.13,25.22,30.47,33.64,9.3469,0.6184,容量保持率偏低；电压波动较大
EV000146,17,88.08,良好,100.0,100.0,100.0,40.42,27.99,33.13,7.4475,1.0145,电压波动较大
EV000147,12,74.87,关注,64.66,87.19,98.75,53.45,30.31,36.57,5.8182,0.6466,容量保持率偏低；电压波动较大
EV000148,11,73.91,关注,72.0,95.42,100.0,24.29,28.87,33.79,9.4637,0.72,容量保持率偏低；电压波动较大
EV000149,12,66.57,关注,62.66,83.33,100.0,19.03,28.46,33.09,10.1216,0.6266,容量保持率偏低；电压波动较大
EV000150,13,71.43,关注,62.52,83.15,100.0,43.81,28.42,33.24,7.0232,0.6252,容量保持率偏低；电压波动较大
EV000151,9,89.67,良好,100.0,100.0,100.0,48.35,29.82,35.53,6.4566,1.0234,电压波动较大
EV000152,11,80.7,良好,72.41,97.15,100.0,55.32,28.38,33.41,5.5847,0.7241,容量保持率偏低；电压波动较大
EV000153,14,78.92,良好,78.14,100.0,95.95,36.88,31.01,35.47,7.8894,0.7814,电压波动较大
EV000154,11,89.12,良好,100.0,100.0,100.0,45.62,27.87,32.04,6.7971,1.0048,电压波动较大
EV000155,12,64.31,关注,84.93,100.0,15.75,32.2,46.58,50.98,8.4754,0.8493,存在高温记录；电压波动较大
EV000156,10,62.34,关注,62.09,83.52,97.69,0.97,30.58,36.84,12.3791,0.6209,容量保持率偏低；电压波动较大
EV000157,14,63.86,关注,57.79,77.48,100.0,21.32,28.0,31.48,9.835,0.5779,容量保持率偏低；电压波动较大
EV000158,14,74.08,关注,71.37,96.77,100.0,24.56,27.67,32.38,9.4301,0.7137,容量保持率偏低；电压波动较大
EV000159,10,91.18,健康,98.06,100.0,100.0,59.31,28.3,31.53,5.0865,0.9806,电压波动较大
EV000160,14,72.85,关注,64.24,84.92,100.0,45.66,28.74,31.71,6.7928,0.6424,容量保持率偏低；电压波动较大
EV000161,8,81.73,良好,77.44,100.0,100.0,48.12,29.01,31.6,6.4856,0.7744,电压波动较大
EV000162,8,75.27,良好,63.63,84.91,100.0,58.86,29.99,34.98,5.1428,0.6363,容量保持率偏低；电压波动较大
EV000163,14,81.63,良好,82.0,100.0,100.0,39.65,29.5,35.43,7.5436,0.82,电压波动较大
EV000164,16,64.32,关注,49.07,65.5,100.0,53.83,27.96,33.45,5.7711,0.4907,容量保持率偏低；电压波动较大；估算续航偏低
EV000165,8,87.61,良好,100.0,100.0,100.0,38.03,28.76,34.9,7.7462,1.0204,电压波动较大
EV000166,12,69.79,关注,62.65,84.37,96.79,37.07,30.8,33.97,7.8661,0.6265,容量保持率偏低；电压波动较大
EV000167,11,74.62,关注,71.06,93.93,100.0,31.35,28.87,33.46,8.5819,0.7106,容量保持率偏低；电压波动较大
EV000168,11,78.58,良好,72.67,97.53,100.0,43.81,28.61,33.6,7.0239,0.7267,容量保持率偏低；电压波动较大
EV000169,14,77.16,良好,72.81,95.46,100.0,39.03,28.34,35.6,7.6216,0.7281,容量保持率偏低；电压波动较大
EV000170,10,76.16,良好,79.04,100.0,100.0,17.5,29.81,37.66,10.3128,0.7904,电压波动较大
EV000171,13,79.98,良好,83.01,100.0,100.0,29.61,28.04,30.95,8.7993,0.8301,电压波动较大
EV000172,16,75.71,良好,70.79,96.66,100.0,33.82,28.74,34.83,8.273,0.7079,容量保持率偏低；电压波动较大
EV000173,9,60.33,关注,47.28,63.11,100.0,40.04,29.76,35.65,7.4946,0.4728,容量保持率偏低；电压波动较大；估算续航偏低
EV000174,13,75.9,良好,71.05,94.15,100.0,37.49,28.27,31.58,7.8138,0.7105,容量保持率偏低；电压波动较大
EV000175,11,73.51,关注,71.62,95.36,100.0,23.04,28.33,31.42,9.6203,0.7162,容量保持率偏低；电压波动较大
EV000176,12,75.44,良好,68.92,90.92,100.0,42.92,29.15,33.14,7.1345,0.6892,容量保持率偏低；电压波动较大
EV000177,9,81.2,良好,85.09,100.0,100.0,32.09,28.06,33.64,8.489,0.8509,电压波动较大
EV000178,14,86.98,良好,100.0,100.0,100.0,34.88,28.63,35.9,8.1401,1.0074,电压波动较大
EV000179,14,62.59,关注,48.89,64.49,100.0,46.8,28.93,34.0,6.6501,0.4889,容量保持率偏低；电压波动较大；估算续航偏低
EV000180,12,82.68,良好,82.88,100.0,100.0,43.36,28.91,33.76,7.0799,0.8288,电压波动较大
EV000181,8,72.34,关注,84.39,100.0,16.61,72.39,45.88,51.63,3.4515,0.8439,存在高温记录；电压波动较大
EV000182,11,62.08,关注,82.11,100.0,17.76,23.93,45.42,51.86,9.5083,0.8211,存在高温记录；电压波动较大
EV000183,11,72.59,关注,71.42,95.51,100.0,18.59,29.69,34.73,10.1758,0.7142,容量保持率偏低；电压波动较大
EV000184,15,90.55,健康,98.84,100.0,100.0,54.8,28.48,34.93,5.6497,0.9884,电压波动较大
EV000185,9,86.49,良好,83.3,100.0,100.0,61.69,29.09,35.38,4.7887,0.833,电压波动较大
EV000186,2,72.73,关注,80.52,100.0,32.47,65.26,45.75,46.52,4.3425,0.8052,存在高温记录；电压波动较大
EV000187,10,67.58,关注,56.07,75.16,100.0,45.84,29.08,35.26,6.7698,0.5607,容量保持率偏低；电压波动较大
EV000188,13,81.09,良好,84.54,100.0,100.0,32.52,28.56,33.7,8.4345,0.8454,电压波动较大
EV000189,11,70.94,关注,99.76,100.0,20.13,34.97,46.14,50.1,8.1289,0.9976,存在高温记录；电压波动较大
EV000190,15,74.24,关注,72.0,97.51,100.0,23.33,28.37,32.94,9.5832,0.72,容量保持率偏低；电压波动较大
EV000191,11,72.18,关注,63.16,84.54,100.0,44.67,29.22,38.31,6.9167,0.6316,容量保持率偏低；电压波动较大
EV000192,9,64.24,关注,55.53,73.68,100.0,31.9,29.5,31.77,8.5122,0.5553,容量保持率偏低；电压波动较大；估算续航偏低
EV000193,12,62.51,关注,55.87,73.67,100.0,22.67,28.6,35.54,9.6659,0.5587,容量保持率偏低；电压波动较大；估算续航偏低
EV000194,13,71.01,关注,62.82,82.07,98.7,43.8,30.33,35.44,7.0253,0.6282,容量保持率偏低；电压波动较大
EV000195,9,53.39,高风险,71.46,94.88,9.69,13.59,46.8,52.7,10.8015,0.7146,容量保持率偏低；存在高温记录；电压波动较大
EV000196,16,80.6,良好,77.49,100.0,100.0,42.39,29.74,33.24,7.2014,0.7749,电压波动较大
EV000197,11,71.44,关注,72.11,95.54,100.0,11.57,29.61,32.0,11.0534,0.7211,容量保持率偏低；电压波动较大
EV000198,14,86.51,良好,100.0,100.0,100.0,32.54,28.6,36.17,8.4326,1.0168,电压波动较大
EV000199,17,65.71,关注,63.02,84.18,100.0,13.05,29.17,33.44,10.8688,0.6302,容量保持率偏低；电压波动较大
EV000200,7,77.63,良好,83.3,100.0,100.0,17.37,28.6,30.01,10.329,0.833,电压波动较大
EV000201,12,78.85,良好,80.14,100.0,100.0,28.98,29.46,35.19,8.8772,0.8014,电压波动较大
EV000202,8,69.39,关注,100.0,100.0,17.25,29.72,46.11,51.1,8.7851,1.0158,存在高温记录；电压波动较大
EV000203,16,85.79,良好,99.37,100.0,100.0,30.07,29.97,33.09,8.7415,0.9937,电压波动较大
EV000204,16,75.23,良好,65.67,87.33,100.0,52.08,27.76,30.77,5.99,0.6567,容量保持率偏低；电压波动较大
EV000205,10,81.07,良好,80.6,100.0,100.0,39.32,29.54,31.78,7.5855,0.806,电压波动较大
EV000206,14,72.43,关注,64.78,85.32,100.0,42.14,28.65,31.98,7.2329,0.6478,容量保持率偏低；电压波动较大
EV000207,16,90.27,健康,100.0,100.0,100.0,51.36,28.87,34.21,6.0796,1.0054,电压波动较大
EV000208,17,88.57,良好,100.0,100.0,100.0,42.83,29.87,36.59,7.1465,1.0268,电压波动较大
EV000209,13,69.7,关注,63.3,84.8,100.0,31.71,28.71,32.41,8.5361,0.633,容量保持率偏低；电压波动较大
EV000210,15,83.56,良好,83.83,100.0,100.0,46.07,29.98,35.31,6.7407,0.8383,电压波动较大
EV000211,12,69.06,关注,60.82,81.81,100.0,36.62,28.85,33.1,7.9224,0.6082,容量保持率偏低；电压波动较大
EV000212,11,56.46,高风险,48.53,64.48,98.35,18.43,30.41,36.72,10.1963,0.4853,容量保持率偏低；电压波动较大；估算续航偏低
EV000213,16,85.08,良好,100.0,100.0,100.0,25.4,28.73,32.09,9.3244,1.0109,电压波动较大
EV000214,15,81.51,良好,84.05,100.0,100.0,35.44,28.39,33.14,8.0696,0.8405,电压波动较大
EV000215,14,86.89,良好,100.0,100.0,100.0,34.43,27.86,33.17,8.196,1.0052,电压波动较大
EV000216,10,80.81,良好,84.36,100.0,100.0,31.4,28.31,33.26,8.5749,0.8436,电压波动较大
EV000217,11,79.21,良好,79.67,100.0,100.0,31.61,27.22,30.52,8.5492,0.7967,电压波动较大
EV000218,7,77.05,良好,63.4,84.66,99.21,69.26,30.2,34.32,3.8419,0.634,容量保持率偏低；电压波动较大
EV000219,10,77.11,良好,62.31,83.97,100.0,71.53,28.71,32.2,3.5588,0.6231,容量保持率偏低；电压波动较大
EV000220,8,75.74,良好,65.02,87.09,100.0,56.07,28.44,34.91,5.4915,0.6502,容量保持率偏低；电压波动较大
EV000221,13,79.98,良好,72.98,97.55,100.0,50.26,27.87,31.18,6.2173,0.7298,容量保持率偏低；电压波动较大
EV000222,12,62.15,关注,54.65,73.27,96.78,26.76,30.8,35.66,9.1551,0.5465,容量保持率偏低；电压波动较大；估算续航偏低
EV000223,6,68.68,关注,84.99,100.0,26.0,43.65,46.31,47.92,7.0441,0.8499,存在高温记录；电压波动较大
EV000224,20,64.57,关注,55.54,73.38,100.0,33.93,29.12,37.33,8.2593,0.5554,容量保持率偏低；电压波动较大；估算续航偏低
EV000225,16,86.5,良好,99.97,100.0,100.0,32.56,28.5,35.0,8.4295,0.9997,电压波动较大
EV000226,9,91.94,健康,100.0,100.0,100.0,59.71,26.2,29.49,5.0368,1.0192,电压波动较大
EV000227,18,64.4,关注,56.15,75.33,100.0,29.59,29.84,36.13,8.8009,0.5615,容量保持率偏低；电压波动较大
EV000228,16,71.39,关注,62.78,83.6,100.0,42.61,29.39,33.09,7.1736,0.6278,容量保持率偏低；电压波动较大
EV000229,12,76.25,良好,76.89,100.0,100.0,21.71,28.91,34.19,9.7864,0.7689,电压波动较大
EV000230,11,69.22,关注,71.18,95.39,100.0,2.29,28.99,33.75,12.2139,0.7118,容量保持率偏低；电压波动较大
EV000231,14,88.2,良好,100.0,100.0,100.0,40.98,29.09,35.79,7.3775,1.0064,电压波动较大
EV000232,15,71.59,关注,62.75,84.01,100.0,43.14,29.13,32.95,7.108,0.6275,容量保持率偏低；电压波动较大
EV000233,12,86.94,良好,98.91,100.0,100.0,36.59,28.0,32.49,7.9268,0.9891,电压波动较大
EV000234,10,79.8,良好,80.92,100.0,100.0,32.38,27.82,32.29,8.453,0.8092,电压波动较大
EV000235,12,64.92,关注,49.7,65.61,100.0,55.62,29.16,34.79,5.5478,0.497,容量保持率偏低；电压波动较大；估算续航偏低
EV000236,7,90.31,健康,99.69,100.0,100.0,52.08,29.53,35.27,5.9894,0.9969,电压波动较大
EV000237,15,87.0,良好,100.0,100.0,100.0,34.98,28.6,32.32,8.1279,1.0062,电压波动较大
EV000238,17,48.76,高风险,63.28,84.83,10.38,16.65,46.61,52.72,10.4185,0.6328,容量保持率偏低；存在高温记录；电压波动较大
EV000239,7,82.01,良好,100.0,100.0,100.0,10.07,28.24,32.66,11.2408,1.0093,电压波动较大
EV000240,11,80.9,良好,82.41,100.0,100.0,35.26,28.76,31.69,8.0919,0.8241,电压波动较大
EV000241,8,60.81,关注,51.97,70.74,100.0,24.68,29.1,32.71,9.4152,0.5197,容量保持率偏低；电压波动较大；估算续航偏低
EV000242,12,71.38,关注,64.27,85.8,100.0,37.17,29.11,32.6,7.8532,0.6427,容量保持率偏低；电压波动较大
EV000243,14,92.0,健康,100.0,100.0,100.0,59.99,28.95,32.69,5.0015,1.0002,电压波动较大
EV000244,17,62.61,关注,48.68,64.38,100.0,47.37,28.68,33.68,6.5784,0.4868,容量保持率偏低；电压波动较大；估算续航偏低
EV000245,8,79.09,良好,64.15,85.5,100.0,76.31,28.6,31.42,2.9617,0.6415,容量保持率偏低
EV000246,13,91.21,健康,100.0,100.0,100.0,56.05,28.29,34.86,5.4938,1.0034,电压波动较大
EV000247,14,67.4,关注,55.21,72.37,97.56,52.35,30.61,35.65,5.9557,0.5521,容量保持率偏低；电压波动较大；估算续航偏低
EV000248,6,78.9,良好,73.79,99.9,100.0,40.48,29.3,33.42,7.4403,0.7379,容量保持率偏低；电压波动较大
EV000249,11,78.88,良好,80.79,100.0,100.0,28.02,29.17,34.03,8.998,0.8079,电压波动较大
EV000250,12,85.84,良好,84.2,100.0,100.0,56.87,28.82,32.79,5.3918,0.842,电压波动较大
EV000251,15,79.41,良好,82.94,100.0,95.75,31.14,31.06,35.31,8.6078,0.8294,电压波动较大
EV000252,10,72.5,关注,63.31,85.26,100.0,45.11,29.05,34.76,6.861,0.6331,容量保持率偏低；电压波动较大
EV000253,13,89.09,良好,99.16,100.0,100.0,46.94,29.04,33.67,6.633,0.9916,电压波动较大
EV000254,13,79.64,良好,72.36,96.39,100.0,51.06,29.71,34.91,6.1179,0.7236,容量保持率偏低；电压波动较大
EV000255,7,60.99,关注,69.99,93.99,29.19,35.8,45.45,48.01,8.0251,0.6999,容量保持率偏低；存在高温记录；电压波动较大
EV000256,6,71.82,关注,54.29,73.69,99.25,72.71,30.19,33.61,3.4115,0.5429,容量保持率偏低；电压波动较大；估算续航偏低
EV000257,7,76.75,良好,70.28,92.52,100.0,45.11,27.78,32.09,6.8608,0.7028,容量保持率偏低；电压波动较大
EV000258,13,83.93,良好,85.75,100.0,99.39,45.18,30.15,34.26,6.8529,0.8575,电压波动较大
EV000259,14,86.06,良好,83.76,100.0,100.0,58.73,28.62,33.44,5.1582,0.8376,电压波动较大
EV000260,6,70.91,关注,74.72,98.42,100.0,0.79,27.74,32.91,12.4018,0.7472,容量保持率偏低；电压波动较大
EV000261,14,79.22,良好,83.91,100.0,100.0,24.25,28.4,31.51,9.4685,0.8391,电压波动较大
EV000262,8,72.05,关注,62.68,83.48,100.0,46.18,28.71,32.94,6.7271,0.6268,容量保持率偏低；电压波动较大
EV000263,15,70.41,关注,61.76,81.39,100.0,42.23,29.14,33.08,7.2211,0.6176,容量保持率偏低；电压波动较大
EV000264,17,66.39,关注,55.45,73.67,100.0,42.83,29.52,34.07,7.1464,0.5545,容量保持率偏低；电压波动较大；估算续航偏低
EV000265,13,62.84,关注,84.43,100.0,12.35,29.11,47.18,51.31,8.8607,0.8443,存在高温记录；电压波动较大
EV000266,18,71.28,关注,62.45,82.45,100.0,44.07,28.72,35.6,6.9918,0.6245,容量保持率偏低；电压波动较大
EV000267,13,68.82,关注,52.99,70.85,99.75,63.03,30.06,34.13,4.6217,0.5299,容量保持率偏低；电压波动较大；估算续航偏低
EV000268,11,85.52,良好,84.27,100.0,100.0,55.1,28.6,33.94,5.6122,0.8427,电压波动较大
EV000269,15,76.36,良好,70.9,93.09,100.0,41.36,29.74,35.51,7.3301,0.709,容量保持率偏低；电压波动较大
EV000270,15,69.92,关注,64.77,87.31,98.89,28.21,30.28,35.05,8.9733,0.6477,容量保持率偏低；电压波动较大
EV000271,8,69.85,关注,63.52,85.59,100.0,31.12,29.91,34.0,8.6102,0.6352,容量保持率偏低；电压波动较大
EV000272,12,71.85,关注,61.13,82.03,100.0,49.75,27.2,30.89,6.2818,0.6113,容量保持率偏低；电压波动较大
EV000273,10,87.51,良好,100.0,100.0,100.0,37.53,29.61,32.19,7.8091,1.021,电压波动较大
EV000274,10,68.88,关注,63.2,81.93,100.0,31.4,29.18,31.6,8.5752,0.632,容量保持率偏低；电压波动较大
EV000275,9,81.45,良好,83.26,100.0,100.0,36.53,29.13,34.49,7.9341,0.8326,电压波动较大
EV000276,15,65.64,关注,53.62,70.84,100.0,45.82,27.68,30.96,6.7731,0.5362,容量保持率偏低；电压波动较大；估算续航偏低
EV000277,9,81.1,良好,70.68,94.33,100.0,63.9,27.99,33.66,4.5131,0.7068,容量保持率偏低；电压波动较大
EV000278,16,67.32,关注,62.43,82.47,100.0,24.25,29.1,32.63,9.4693,0.6243,容量保持率偏低；电压波动较大
EV000279,14,84.47,良好,99.08,100.0,100.0,23.97,28.97,34.77,9.5036,0.9908,电压波动较大
EV000280,12,79.04,良好,69.92,92.69,100.0,56.96,28.75,33.11,5.3799,0.6992,容量保持率偏低；电压波动较大
EV000281,13,62.94,关注,47.89,63.73,98.87,52.34,30.28,35.9,5.957,0.4789,容量保持率偏低；电压波动较大；估算续航偏低
EV000282,10,89.85,良好,99.92,100.0,100.0,49.36,29.18,32.38,6.3295,0.9992,电压波动较大
EV000283,5,80.66,良好,70.35,94.65,100.0,61.88,28.17,31.42,4.7646,0.7035,容量保持率偏低；电压波动较大
EV000284,22,57.56,高风险,72.31,96.08,17.57,23.6,46.35,50.68,9.5503,0.7231,容量保持率偏低；存在高温记录；电压波动较大
EV000285,13,87.73,良好,100.0,100.0,100.0,38.67,28.62,34.44,7.6666,1.0083,电压波动较大
EV000286,11,87.67,良好,99.03,100.0,100.0,40.04,27.52,31.77,7.495,0.9903,电压波动较大
EV000287,19,80.25,良好,76.48,100.0,100.0,42.44,28.46,32.65,7.1952,0.7648,电压波动较大
EV000288,13,83.87,良好,85.23,100.0,100.0,45.19,29.14,34.09,6.8516,0.8523,电压波动较大
EV000289,9,64.97,关注,53.04,69.95,100.0,44.58,29.07,34.58,6.9279,0.5304,容量保持率偏低；电压波动较大；估算续航偏低
EV000290,12,59.96,高风险,50.55,67.12,100.0,27.43,29.86,34.05,9.0709,0.5055,容量保持率偏低；电压波动较大；估算续航偏低
EV000291,9,79.13,良好,73.15,98.31,99.69,45.06,30.08,34.94,6.8669,0.7315,容量保持率偏低；电压波动较大
EV000292,6,72.67,关注,72.35,97.2,100.0,15.24,29.73,38.2,10.5956,0.7235,容量保持率偏低；电压波动较大
EV000293,12,83.14,良好,85.54,100.0,100.0,41.02,29.91,36.49,7.3723,0.8554,电压波动较大
EV000294,11,85.8,良好,98.29,100.0,100.0,31.97,28.11,33.2,8.504,0.9829,电压波动较大
EV000295,15,64.06,关注,53.67,71.5,100.0,37.0,29.66,36.79,7.8755,0.5367,容量保持率偏低；电压波动较大；估算续航偏低
EV000296,10,65.57,关注,56.47,74.93,100.0,35.35,27.5,34.31,8.0807,0.5647,容量保持率偏低；电压波动较大；估算续航偏低
EV000297,11,67.54,关注,60.63,79.86,100.0,31.76,28.16,33.3,8.5301,0.6063,容量保持率偏低；电压波动较大
EV000298,9,76.57,良好,72.55,97.44,100.0,34.07,28.44,30.83,8.2407,0.7255,容量保持率偏低；电压波动较大
EV000299,20,59.48,高风险,48.89,64.84,100.0,30.78,28.75,33.46,8.6521,0.4889,容量保持率偏低；电压波动较大；估算续航偏低
EV000300,13,56.46,高风险,64.11,86.04,7.56,54.98,46.99,53.16,5.6277,0.6411,容量保持率偏低；存在高温记录；电压波动较大
EV000301,7,61.5,关注,51.6,67.21,100.0,33.17,28.76,32.73,8.3539,0.516,容量保持率偏低；电压波动较大；估算续航偏低
EV000302,10,80.39,良好,71.78,94.77,100.0,57.88,29.37,32.98,5.2654,0.7178,容量保持率偏低；电压波动较大
EV000303,14,91.97,健康,99.72,100.0,100.0,60.32,28.18,33.62,4.9596,0.9972,电压波动较大
EV000304,11,57.61,高风险,50.34,67.52,100.0,15.56,28.06,30.28,10.5554,0.5034,容量保持率偏低；电压波动较大；估算续航偏低
EV000305,9,77.32,良好,71.77,96.4,100.0,40.51,29.23,33.7,7.436,0.7177,容量保持率偏低；电压波动较大
EV000306,8,76.03,良好,74.78,100.0,100.0,24.27,29.99,36.0,9.4658,0.7478,容量保持率偏低；电压波动较大
EV000307,13,75.26,良好,67.43,91.56,100.0,43.86,29.17,34.42,7.0174,0.6743,容量保持率偏低；电压波动较大
EV000308,16,85.83,良好,99.7,100.0,100.0,29.66,29.14,37.56,8.7922,0.997,电压波动较大
EV000309,8,60.97,关注,48.71,65.32,100.0,37.99,29.12,32.52,7.7513,0.4871,容量保持率偏低；电压波动较大；估算续航偏低
EV000310,21,85.06,良好,84.22,100.0,100.0,52.91,29.41,31.75,5.8861,0.8422,电压波动较大
EV000311,16,75.72,良好,70.73,94.67,99.24,37.25,30.19,38.55,7.844,0.7073,容量保持率偏低；电压波动较大
EV000312,16,87.01,良好,98.07,100.0,100.0,38.46,28.79,33.58,7.693,0.9807,电压波动较大
EV000313,9,55.33,高风险,49.99,66.52,98.88,7.15,30.28,34.53,11.6058,0.4999,容量保持率偏低；电压波动较大；估算续航偏低
EV000314,10,86.79,良好,82.62,100.0,100.0,64.38,28.02,32.29,4.4523,0.8262,电压波动较大
EV000315,8,90.56,健康,100.0,100.0,99.26,53.55,30.18,33.78,5.8065,1.0251,电压波动较大
EV000316,14,83.83,良好,86.1,100.0,100.0,43.49,28.08,31.39,7.0644,0.861,电压波动较大
EV000317,12,86.36,良好,100.0,100.0,100.0,31.8,27.67,30.64,8.5255,1.0233,电压波动较大
EV000318,10,71.87,关注,66.02,86.98,100.0,35.09,29.25,35.75,8.1135,0.6602,容量保持率偏低；电压波动较大
EV000319,19,75.63,良好,71.34,95.25,100.0,34.26,29.55,33.52,8.2179,0.7134,容量保持率偏低；电压波动较大
EV000320,13,82.58,良好,82.47,100.0,100.0,43.56,28.61,34.31,7.0546,0.8247,电压波动较大
EV000321,14,88.28,良好,100.0,100.0,100.0,41.42,29.55,34.01,7.322,1.0051,电压波动较大
EV000322,5,92.59,健康,99.08,100.0,100.0,64.56,28.71,32.89,4.4306,0.9908,电压波动较大
EV000323,16,88.59,良好,99.22,100.0,100.0,44.32,27.95,32.16,6.96,0.9922,电压波动较大
EV000324,17,57.64,高风险,63.44,85.64,13.0,57.14,46.16,52.45,5.3581,0.6344,容量保持率偏低；存在高温记录；电压波动较大
EV000325,17,67.55,关注,55.81,73.82,100.0,47.81,29.61,37.63,6.5242,0.5581,容量保持率偏低；电压波动较大；估算续航偏低
EV000326,7,78.81,良好,79.33,100.0,99.44,30.79,30.14,34.49,8.6516,0.7933,电压波动较大
EV000327,12,80.1,良好,85.18,100.0,100.0,26.44,27.57,30.9,9.1954,0.8518,电压波动较大
EV000328,7,68.83,关注,62.14,83.97,100.0,30.45,28.69,35.49,8.6938,0.6214,容量保持率偏低；电压波动较大
EV000329,16,70.12,关注,71.56,94.28,99.56,7.98,30.11,34.35,11.5026,0.7156,容量保持率偏低；电压波动较大
EV000330,16,67.0,关注,55.5,74.44,100.0,44.82,28.79,33.4,6.8975,0.555,容量保持率偏低；电压波动较大；估算续航偏低
EV000331,12,75.12,良好,69.97,94.1,100.0,35.55,28.87,33.34,8.0558,0.6997,容量保持率偏低；电压波动较大
EV000332,7,91.15,健康,98.38,100.0,100.0,58.61,29.73,35.5,5.1743,0.9838,电压波动较大
EV000333,9,85.48,良好,99.14,100.0,100.0,28.88,29.15,32.55,8.8895,0.9914,电压波动较大
EV000334,14,69.51,关注,85.12,100.0,31.59,42.0,45.2,47.53,7.2502,0.8512,存在高温记录；电压波动较大
EV000335,10,75.15,良好,85.03,100.0,32.16,69.78,44.94,47.7,3.7781,0.8503,存在高温记录；电压波动较大
EV000336,8,87.35,良好,83.57,100.0,100.0,65.5,29.07,34.09,4.3121,0.8357,电压波动较大
EV000337,9,75.07,良好,62.7,83.34,100.0,61.46,28.25,32.08,4.8181,0.627,容量保持率偏低；电压波动较大
EV000338,12,61.26,关注,48.93,65.9,100.0,38.29,28.63,34.77,7.7136,0.4893,容量保持率偏低；电压波动较大；估算续航偏低
EV000339,17,67.05,关注,63.71,84.56,99.92,18.16,30.02,35.67,10.2302,0.6371,容量保持率偏低；电压波动较大
EV000340,11,86.87,良好,100.0,100.0,100.0,34.37,28.81,34.28,8.2036,1.0099,电压波动较大
EV000341,14,86.42,良好,100.0,100.0,99.89,32.2,30.03,35.67,8.4755,1.0232,电压波动较大
EV000342,15,85.8,良好,98.61,100.0,100.0,31.41,29.45,34.43,8.5732,0.9861,电压波动较大
EV000343,13,81.33,良好,82.88,100.0,100.0,36.62,27.78,37.19,7.9227,0.8288,电压波动较大
EV000344,16,67.57,关注,82.65,100.0,23.53,44.68,45.1,50.35,6.9154,0.8265,存在高温记录；电压波动较大
EV000345,13,76.39,良好,65.05,85.59,100.0,61.1,29.57,35.54,4.8619,0.6505,容量保持率偏低；电压波动较大
EV000346,8,68.11,关注,52.88,70.99,100.0,59.27,28.42,31.62,5.0918,0.5288,容量保持率偏低；电压波动较大；估算续航偏低
EV000347,13,76.37,良好,76.33,100.0,100.0,23.27,28.98,34.99,9.5913,0.7633,电压波动较大
EV000348,8,67.75,关注,62.74,83.61,100.0,24.45,28.97,36.12,9.4442,0.6274,容量保持率偏低；电压波动较大
EV000349,6,92.58,健康,100.0,100.0,100.0,62.89,26.71,31.61,4.6389,1.0074,电压波动较大
EV000350,11,63.24,关注,54.8,73.07,100.0,28.94,28.81,31.23,8.8819,0.548,容量保持率偏低；电压波动较大；估算续航偏低
EV000351,15,77.18,良好,72.18,95.67,97.92,42.06,30.52,36.55,7.2429,0.7218,容量保持率偏低；电压波动较大
EV000352,14,61.45,关注,48.49,64.16,100.0,42.21,28.24,35.61,7.224,0.4849,容量保持率偏低；电压波动较大；估算续航偏低
EV000353,17,89.65,良好,100.0,100.0,100.0,48.27,28.97,32.87,6.4658,1.0027,电压波动较大
EV000354,13,82.55,良好,71.26,96.29,100.0,67.7,28.29,35.79,4.0374,0.7126,容量保持率偏低；电压波动较大
EV000355,10,62.75,关注,62.33,82.83,100.0,1.15,27.93,33.05,12.3566,0.6233,容量保持率偏低；电压波动较大
EV000356,16,55.77,高风险,62.55,83.82,19.58,45.05,46.08,50.37,6.8682,0.6255,容量保持率偏低；存在高温记录；电压波动较大
EV000357,15,72.3,关注,62.13,82.67,100.0,49.43,28.22,33.39,6.3209,0.6213,容量保持率偏低；电压波动较大
EV000358,10,64.18,关注,47.34,63.03,100.0,59.3,29.04,32.7,5.0878,0.4734,容量保持率偏低；电压波动较大；估算续航偏低
EV000359,11,90.37,健康,100.0,100.0,100.0,51.85,29.49,36.42,6.0185,1.0026,电压波动较大
EV000360,10,61.28,关注,47.86,64.22,100.0,42.37,28.61,33.09,7.2044,0.4786,容量保持率偏低；电压波动较大；估算续航偏低
EV000361,13,67.1,关注,84.29,100.0,21.67,41.34,46.05,49.71,7.3329,0.8429,存在高温记录；电压波动较大
EV000362,14,86.93,良好,100.0,100.0,100.0,34.64,29.42,33.02,8.1695,1.0022,电压波动较大
EV000363,20,79.92,良好,77.38,100.0,100.0,39.19,29.45,34.2,7.6016,0.7738,电压波动较大
EV000364,13,63.81,关注,49.84,66.43,100.0,48.8,28.09,33.8,6.3996,0.4984,容量保持率偏低；电压波动较大；估算续航偏低
EV000365,11,83.24,良好,84.33,100.0,100.0,43.61,29.05,31.75,7.0493,0.8433,电压波动较大
EV000366,7,73.63,关注,72.16,97.85,100.0,19.57,28.44,31.94,10.0536,0.7216,容量保持率偏低；电压波动较大
EV000367,9,78.52,良好,71.23,95.6,100.0,48.44,29.48,32.91,6.4452,0.7123,容量保持率偏低；电压波动较大
EV000368,4,93.21,健康,97.79,100.0,100.0,69.94,28.06,30.46,3.757,0.9779,电压波动较大
EV000369,10,66.35,关注,62.31,83.54,98.12,20.18,30.47,34.63,9.9777,0.6231,容量保持率偏低；电压波动较大
EV000370,11,90.5,健康,99.13,100.0,100.0,54.0,28.65,34.38,5.75,0.9913,电压波动较大
EV000371,13,84.89,良好,100.0,100.0,100.0,24.47,28.69,32.65,9.441,1.0319,电压波动较大
EV000372,7,88.9,良好,100.0,100.0,100.0,44.52,28.27,30.99,6.9355,1.0065,电压波动较大
EV000373,19,81.52,良好,83.49,100.0,100.0,36.52,28.11,35.45,7.9351,0.8349,电压波动较大
EV000374,15,73.65,关注,65.62,86.95,98.85,45.89,30.29,36.14,6.7638,0.6562,容量保持率偏低；电压波动较大
EV000375,17,75.91,良好,63.72,83.87,100.0,63.22,29.76,35.28,4.5978,0.6372,容量保持率偏低；电压波动较大
EV000376,16,85.84,良好,99.8,100.0,100.0,29.57,28.13,37.41,8.8032,0.998,电压波动较大
EV000377,18,67.56,关注,62.97,84.93,100.0,21.43,29.38,35.0,9.8218,0.6297,容量保持率偏低；电压波动较大
EV000378,8,88.41,良好,85.79,100.0,100.0,66.9,28.33,30.28,4.138,0.8579,电压波动较大
EV000379,8,71.24,关注,63.19,83.26,100.0,41.56,29.76,35.12,7.3052,0.6319,容量保持率偏低；电压波动较大
EV000380,11,72.69,关注,100.0,100.0,18.59,44.86,46.75,49.81,6.8929,1.001,存在高温记录；电压波动较大
EV000381,10,86.82,良好,84.39,100.0,100.0,61.4,28.89,34.64,4.8256,0.8439,电压波动较大
EV000382,9,77.82,良好,79.35,100.0,98.35,26.87,30.41,33.27,9.1413,0.7935,电压波动较大
EV000383,10,70.45,关注,65.33,86.14,100.0,30.25,27.02,34.9,8.7191,0.6533,容量保持率偏低；电压波动较大
EV000384,8,87.82,良好,96.34,100.0,100.0,45.51,28.7,33.25,6.8117,0.9634,电压波动较大
EV000385,9,84.68,良好,83.5,100.0,98.18,54.1,30.46,34.57,5.7373,0.835,电压波动较大
EV000386,7,93.21,健康,99.41,100.0,100.0,67.11,27.93,31.82,4.1111,0.9941,电压波动较大
EV000387,15,81.72,良好,84.96,100.0,100.0,34.93,28.38,31.34,8.134,0.8496,电压波动较大
EV000388,13,70.23,关注,62.89,82.97,100.0,37.38,28.77,33.09,7.827,0.6289,容量保持率偏低；电压波动较大
EV000389,8,80.37,良好,74.93,100.0,100.0,45.74,27.77,30.37,6.7829,0.7493,容量保持率偏低；电压波动较大
EV000390,10,80.85,良好,74.03,98.56,100.0,51.49,29.37,33.13,6.064,0.7403,容量保持率偏低；电压波动较大
EV000391,11,65.75,关注,52.25,69.24,100.0,50.77,27.27,32.23,6.1536,0.5225,容量保持率偏低；电压波动较大；估算续航偏低
EV000392,14,76.96,良好,73.69,97.48,100.0,34.01,29.32,34.94,8.2492,0.7369,容量保持率偏低；电压波动较大
EV000393,12,79.42,良好,79.46,100.0,100.0,33.04,29.24,35.84,8.3702,0.7946,电压波动较大
EV000394,9,71.71,关注,63.51,84.53,100.0,41.76,28.24,33.52,7.2797,0.6351,容量保持率偏低；电压波动较大
EV000395,16,55.2,高风险,70.27,92.59,14.84,22.48,45.56,52.64,9.69,0.7027,容量保持率偏低；存在高温记录；电压波动较大
EV000396,13,61.88,关注,70.99,93.6,31.91,36.23,45.03,47.66,7.9711,0.7099,容量保持率偏低；存在高温记录；电压波动较大
EV000397,10,90.68,健康,98.82,100.0,100.0,55.47,29.25,32.36,5.5665,0.9882,电压波动较大
EV000398,15,73.17,关注,62.23,83.99,100.0,51.94,28.73,34.71,6.0079,0.6223,容量保持率偏低；电压波动较大
EV000399,12,72.24,关注,100.0,100.0,14.22,46.96,46.58,51.49,6.6299,1.0152,存在高温记录；电压波动较大
EV000400,8,62.85,关注,69.56,91.84,18.55,59.16,46.65,49.95,5.1056,0.6956,容量保持率偏低；存在高温记录；电压波动较大
EV000401,8,91.1,健康,100.0,100.0,100.0,55.5,29.26,35.96,5.5628,1.0014,电压波动较大
EV000402,10,79.87,良好,83.5,100.0,100.0,28.25,29.48,35.25,8.9694,0.835,电压波动较大
EV000403,8,88.7,良好,99.32,100.0,100.0,44.68,28.36,33.58,6.9149,0.9932,电压波动较大
EV000404,14,75.37,良好,72.69,97.46,100.0,27.84,28.76,34.84,9.0201,0.7269,容量保持率偏低；电压波动较大
EV000405,9,71.48,关注,64.6,87.72,100.0,34.7,28.38,34.4,8.163,0.646,容量保持率偏低；电压波动较大
EV000406,10,58.78,高风险,83.42,100.0,5.65,17.23,47.75,52.78,10.3461,0.8342,存在高温记录；电压波动较大
EV000407,10,69.71,关注,62.6,83.98,100.0,34.01,28.62,31.91,8.2482,0.626,容量保持率偏低；电压波动较大
EV000408,11,76.13,良好,78.74,100.0,100.0,17.86,27.92,32.13,10.2671,0.7874,电压波动较大
EV000409,6,88.71,良好,99.55,100.0,100.0,44.32,29.08,31.58,6.9596,0.9955,电压波动较大
EV000410,14,79.53,良好,76.34,100.0,100.0,39.07,29.9,34.66,7.6164,0.7634,电压波动较大
EV000411,10,89.19,良好,97.13,100.0,98.97,51.97,30.26,34.65,6.004,0.9713,电压波动较大
EV000412,13,70.63,关注,63.09,84.34,100.0,37.33,29.71,33.34,7.8343,0.6309,容量保持率偏低；电压波动较大
EV000413,7,81.92,良好,75.63,100.0,100.0,52.23,29.36,33.64,5.9707,0.7563,电压波动较大
EV000414,16,63.08,关注,82.83,100.0,6.93,38.5,47.51,52.68,7.688,0.8283,存在高温记录；电压波动较大
EV000415,10,83.86,良好,100.0,100.0,100.0,19.29,29.82,35.25,10.0882,1.0194,电压波动较大
EV000416,14,75.12,良好,64.03,84.76,100.0,57.57,27.53,31.97,5.3038,0.6403,容量保持率偏低；电压波动较大
EV000417,13,70.66,关注,64.32,85.77,100.0,33.52,29.68,37.52,8.3102,0.6432,容量保持率偏低；电压波动较大
EV000418,16,71.69,关注,63.74,85.32,100.0,40.25,28.62,34.59,7.4682,0.6374,容量保持率偏低；电压波动较大
EV000419,15,85.57,良好,83.41,100.0,100.0,56.88,29.1,33.74,5.3904,0.8341,电压波动较大
EV000420,15,79.35,良好,77.51,100.0,100.0,36.1,28.99,33.37,7.9876,0.7751,电压波动较大
EV000421,9,79.54,良好,73.41,98.33,100.0,46.34,27.72,31.23,6.7078,0.7341,容量保持率偏低；电压波动较大
EV000422,18,60.4,关注,55.65,73.84,95.89,16.43,31.03,36.28,10.4465,0.5565,容量保持率偏低；电压波动较大；估算续航偏低
EV000423,16,53.1,高风险,61.85,82.35,18.75,35.58,46.37,50.25,8.0522,0.6185,容量保持率偏低；存在高温记录；电压波动较大
EV000424,13,81.68,良好,79.01,100.0,100.0,45.16,28.23,33.7,6.8551,0.7901,电压波动较大
EV000425,11,64.98,关注,64.05,85.34,100.0,6.13,29.98,35.16,11.7339,0.6405,容量保持率偏低；电压波动较大
EV000426,12,77.76,良好,72.27,95.52,100.0,42.9,28.57,31.31,7.1377,0.7227,容量保持率偏低；电压波动较大
EV000427,11,69.06,关注,70.18,93.06,100.0,6.15,29.03,33.39,11.7309,0.7018,容量保持率偏低；电压波动较大
EV000428,16,84.06,良好,85.5,100.0,100.0,45.65,28.11,33.84,6.7943,0.855,电压波动较大
EV000429,10,81.55,良好,82.29,100.0,100.0,38.74,27.78,32.12,7.6578,0.8229,电压波动较大
EV000430,7,68.51,关注,61.42,82.61,97.88,33.9,30.53,32.68,8.2625,0.6142,容量保持率偏低；电压波动较大
EV000431,11,62.97,关注,84.61,100.0,7.18,34.59,47.15,53.08,8.1769,0.8461,存在高温记录；电压波动较大
EV000432,15,87.57,良好,100.0,100.0,100.0,37.85,29.21,35.25,7.769,1.0183,电压波动较大
EV000433,15,82.41,良好,83.61,100.0,100.0,40.74,29.7,36.96,7.4079,0.8361,电压波动较大
EV000434,20,85.73,良好,100.0,100.0,100.0,28.67,29.52,35.03,8.9168,1.0194,电压波动较大
EV000435,9,93.0,健康,100.0,100.0,98.96,66.02,30.26,36.65,4.2477,1.0251,电压波动较大
EV000436,14,87.65,良好,100.0,100.0,98.59,39.67,30.35,35.19,7.5418,1.0101,电压波动较大
EV000437,15,61.37,关注,49.27,65.33,99.05,39.9,30.24,36.19,7.5131,0.4927,容量保持率偏低；电压波动较大；估算续航偏低
EV000438,20,71.3,关注,62.02,82.69,100.0,44.6,28.96,34.83,6.925,0.6202,容量保持率偏低；电压波动较大
EV000439,13,81.27,良好,82.06,100.0,100.0,37.72,29.66,34.35,7.7846,0.8206,电压波动较大
EV000440,10,80.01,良好,83.37,100.0,100.0,29.16,28.09,33.98,8.8549,0.8337,电压波动较大
EV000441,8,56.77,高风险,60.68,80.74,24.78,51.95,45.91,48.86,6.0066,0.6068,容量保持率偏低；存在高温记录；电压波动较大
EV000442,9,61.32,关注,54.8,73.77,100.0,18.48,28.68,37.75,10.1906,0.548,容量保持率偏低；电压波动较大；估算续航偏低
EV000443,13,69.28,关注,64.59,84.45,100.0,27.81,29.28,33.0,9.0235,0.6459,容量保持率偏低；电压波动较大
EV000444,12,74.69,关注,66.29,88.4,100.0,46.95,29.35,37.06,6.6309,0.6629,容量保持率偏低；电压波动较大
EV000445,13,74.79,关注,63.75,85.37,99.54,56.17,30.12,33.24,5.4793,0.6375,容量保持率偏低；电压波动较大
EV000446,11,85.96,良好,99.43,100.0,98.16,32.64,30.46,39.44,8.42,0.9943,电压波动较大
EV000447,5,73.51,关注,66.88,89.96,100.0,38.08,27.1,34.55,7.7398,0.6688,容量保持率偏低；电压波动较大
EV000448,13,91.51,健康,99.63,100.0,98.98,59.21,30.26,33.51,5.0989,0.9963,电压波动较大
EV000449,9,56.92,高风险,72.94,98.53,4.19,29.58,47.41,53.73,8.8022,0.7294,容量保持率偏低；存在高温记录；电压波动较大
EV000450,15,61.55,关注,71.52,96.29,17.79,44.43,45.76,51.39,6.9467,0.7152,容量保持率偏低；存在高温记录；电压波动较大
EV000451,13,89.7,良好,99.69,100.0,100.0,49.03,28.6,33.17,6.3707,0.9969,电压波动较大
EV000452,6,86.57,良好,80.48,100.0,100.0,66.99,27.28,31.61,4.1259,0.8048,电压波动较大
EV000453,14,89.41,良好,100.0,100.0,100.0,47.05,29.78,35.67,6.6191,1.0159,电压波动较大
EV000454,13,59.48,高风险,63.55,83.86,22.55,58.8,45.1,50.68,5.1498,0.6355,容量保持率偏低；存在高温记录；电压波动较大
EV000455,16,62.91,关注,61.44,81.13,100.0,5.63,29.93,34.52,11.7961,0.6144,容量保持率偏低；电压波动较大
EV000456,6,71.46,关注,63.35,86.09,100.0,38.85,28.82,33.55,7.6439,0.6335,容量保持率偏低；电压波动较大
EV000457,15,83.1,良好,83.98,100.0,100.0,43.52,27.89,33.6,7.0597,0.8398,电压波动较大
EV000458,10,54.11,高风险,47.37,63.06,100.0,8.85,29.15,32.15,11.3943,0.4737,容量保持率偏低；电压波动较大；估算续航偏低
EV000459,10,80.26,良好,84.92,100.0,100.0,27.68,28.58,32.0,9.0399,0.8492,电压波动较大
EV000460,14,82.98,良好,100.0,100.0,100.0,14.91,28.27,31.29,10.636,1.0002,电压波动较大
EV000461,11,89.53,良好,99.31,100.0,100.0,48.86,29.65,33.62,6.3926,0.9931,电压波动较大
EV000462,11,68.87,关注,63.99,85.74,100.0,25.21,28.21,32.84,9.3487,0.6399,容量保持率偏低；电压波动较大
EV000463,14,79.5,良好,70.83,94.15,100.0,55.86,29.74,35.03,5.5174,0.7083,容量保持率偏低；电压波动较大
EV000464,15,81.15,良好,77.02,100.0,100.0,45.98,28.0,32.2,6.7529,0.7702,电压波动较大
EV000465,12,69.7,关注,62.79,82.58,98.65,36.74,30.34,35.5,7.9075,0.6279,容量保持率偏低；电压波动较大
EV000466,14,70.25,关注,62.93,82.5,100.0,38.01,29.9,34.69,7.7487,0.6293,容量保持率偏低；电压波动较大
EV000467,13,83.0,良好,82.11,100.0,98.79,47.5,30.3,37.19,6.5631,0.8211,电压波动较大
EV000468,12,67.87,关注,84.29,100.0,13.96,52.91,45.38,53.18,5.8863,0.8429,存在高温记录；电压波动较大
EV000469,10,73.05,关注,70.67,93.05,100.0,25.24,28.54,32.87,9.3453,0.7067,容量保持率偏低；电压波动较大
EV000470,13,82.63,良好,87.18,100.0,100.0,35.59,28.02,35.36,8.0518,0.8718,电压波动较大
EV000471,13,71.49,关注,73.5,97.32,100.0,7.17,29.53,35.72,11.6031,0.735,容量保持率偏低；电压波动较大
EV000472,19,71.0,关注,100.0,100.0,29.85,25.15,44.55,48.99,9.3559,1.0238,存在高温记录；电压波动较大
EV000473,12,84.84,良好,81.32,100.0,100.0,56.88,29.4,34.59,5.3897,0.8132,电压波动较大
EV000474,14,92.98,健康,100.0,100.0,100.0,64.92,29.79,35.96,4.3856,1.0196,电压波动较大
EV000475,16,77.71,良好,70.5,94.98,100.0,46.44,28.74,33.75,6.6951,0.705,容量保持率偏低；电压波动较大
EV000476,13,70.9,关注,64.93,86.71,100.0,32.48,28.69,33.59,8.4394,0.6493,容量保持率偏低；电压波动较大
EV000477,6,72.39,关注,62.78,82.62,100.0,48.81,26.8,30.25,6.399,0.6278,容量保持率偏低；电压波动较大
EV000478,12,77.68,良好,72.27,97.04,100.0,40.65,27.82,33.57,7.419,0.7227,容量保持率偏低；电压波动较大
EV000479,5,88.76,良好,96.93,100.0,100.0,49.18,28.17,31.27,6.3521,0.9693,电压波动较大
EV000480,12,82.19,良好,83.91,100.0,100.0,39.1,29.57,34.54,7.6128,0.8391,电压波动较大
EV000481,9,83.87,良好,82.71,100.0,100.0,49.63,26.89,29.83,6.2965,0.8271,电压波动较大
EV000482,14,73.76,关注,63.04,83.92,100.0,53.58,28.48,31.96,5.8029,0.6304,容量保持率偏低；电压波动较大
EV000483,9,82.79,良好,85.26,100.0,100.0,39.72,29.36,32.29,7.5351,0.8526,电压波动较大
EV000484,10,72.95,关注,65.0,86.92,100.0,42.35,29.26,32.13,7.2057,0.65,容量保持率偏低；电压波动较大
EV000485,12,80.46,良好,84.19,100.0,100.0,29.98,29.27,33.38,8.7527,0.8419,电压波动较大
EV000486,10,68.12,关注,64.21,85.34,100.0,21.54,29.53,35.76,9.8076,0.6421,容量保持率偏低；电压波动较大
EV000487,16,71.88,关注,63.09,84.21,99.82,43.93,30.05,33.91,7.0084,0.6309,容量保持率偏低；电压波动较大
EV000488,14,56.46,高风险,48.22,66.09,100.0,15.29,29.94,35.61,10.5892,0.4822,容量保持率偏低；电压波动较大；估算续航偏低
EV000489,7,79.48,良好,83.57,100.0,100.0,26.18,29.68,32.91,9.2278,0.8357,电压波动较大
EV000490,12,86.73,良好,99.67,100.0,100.0,34.23,28.52,32.17,8.2215,0.9967,电压波动较大
EV000491,10,64.57,关注,53.05,70.3,100.0,42.14,29.7,31.83,7.2324,0.5305,容量保持率偏低；电压波动较大；估算续航偏低
EV000492,12,72.19,关注,62.5,83.27,100.0,47.49,29.28,34.53,6.5636,0.625,容量保持率偏低；电压波动较大
EV000493,17,62.34,关注,48.27,63.9,100.0,47.35,28.76,35.21,6.5812,0.4827,容量保持率偏低；电压波动较大；估算续航偏低
EV000494,13,71.48,关注,100.0,100.0,20.58,36.84,45.51,50.79,7.8949,1.0079,存在高温记录；电压波动较大
EV000495,14,83.08,良好,72.99,96.44,100.0,67.09,28.56,34.61,4.1139,0.7299,容量保持率偏低；电压波动较大
EV000496,11,70.76,关注,61.13,80.48,100.0,46.23,29.02,32.52,6.7206,0.6113,容量保持率偏低；电压波动较大
EV000497,14,66.3,关注,55.53,74.04,100.0,41.77,27.78,31.09,7.2792,0.5553,容量保持率偏低；电压波动较大；估算续航偏低
EV000498,12,85.36,良好,84.84,100.0,100.0,53.33,29.8,34.46,5.8342,0.8485,电压波动较大
EV000499,12,87.0,良好,99.56,100.0,100.0,35.75,28.16,34.11,8.0314,0.9956,电压波动较大
EV000500,11,73.15,关注,63.89,84.79,99.7,48.24,30.08,32.44,6.4698,0.6389,容量保持率偏低；电压波动较大
